Agent #,Agent Name,Support Site,Query,Learning (Today),Site HTTP
1,AI Genesis,https://help.openai.com,logs/daily_digest_2025-06-11.txt:log_stream.txt ➜ [2025-06-10 09:15:03] ERROR: Missing heartbeat from MemoryAgent,"Investigate; capture full context. Verify remote, PAT scopes, and local repo integrity.",403
2,AI Evolutionist,https://platform.openai.com/docs,logs/daily_digest_2025-06-11.txt:log_stream.txt ➜ [2025-06-10 09:11:05] ERROR: No follow-up action detected,"Investigate; capture full context. Verify remote, PAT scopes, and local repo integrity.",403
3,AI Hybridizer,https://community.openai.com,logs/daily_digest_2025-06-11.txt:log_stream.txt ➜ [2025-06-10 09:13:39] ERROR: No data received from MemoryAgent,"Investigate; capture full context. Verify remote, PAT scopes, and local repo integrity.",200
4,AI Replicator,https://status.openai.com,logs/daily_digest_2025-06-11.txt:log_stream.txt ➜ [2025-06-10 09:13:57] ERROR: No data received from MemoryAgent,"Investigate; capture full context. Verify remote, PAT scopes, and local repo integrity.",200
5,AI Mutator,https://cookbook.openai.com,logs/daily_digest_2025-06-11.txt:log_stream.txt ➜ [2025-06-10 11:45:45] ❌ ERROR: Agent crash — No module named 'utils',"Investigate; capture full context. Verify remote, PAT scopes, and local repo integrity.",200
6,AI Breeder,https://learn.microsoft.com,logs/daily_digest_2025-06-11.txt:log_stream.txt ➜ [2025-06-10 11:57:22] ❌ ERROR: Agent crash — No module named 'utils',"Investigate; capture full context. Verify remote, PAT scopes, and local repo integrity.",200
7,AI Hyper-Constructor,https://azure.microsoft.com,logs/daily_digest_2025-06-11.txt:log_stream.txt ➜ [2025-06-10 12:03:55] ❌ ERROR: Agent crash — LoggerAgent.run() got an unexpected keyword argument 'goal',"Investigate; capture full context. Verify remote, PAT scopes, and local repo integrity.",404
8,AI Sandbox Engineer,https://stackoverflow.com,logs/log_stream.txt:[2025-06-10 09:15:03] ERROR: Missing heartbeat from MemoryAgent,"Investigate; capture full context. Verify remote, PAT scopes, and local repo integrity.",200
9,AI Neural Sculptor,https://reddit.com,logs/log_stream.txt:[2025-06-10 09:11:05] ERROR: No follow-up action detected,"Investigate; capture full context. Verify remote, PAT scopes, and local repo integrity.",403
10,AI Time Architect,https://crontab.guru,logs/log_stream.txt:[2025-06-10 09:13:39] ERROR: No data received from MemoryAgent,"Investigate; capture full context. Verify remote, PAT scopes, and local repo integrity.",200
11,AI Iteration Orchestrator,https://docs.github.com,logs/log_stream.txt:[2025-06-10 09:13:57] ERROR: No data received from MemoryAgent,"Investigate; capture full context. Verify remote, PAT scopes, and local repo integrity.",200
12,AI Fault Isolator,https://serverfault.com,logs/log_stream.txt:[2025-06-10 11:45:45] ❌ ERROR: Agent crash — No module named 'utils',"Investigate; capture full context. Verify remote, PAT scopes, and local repo integrity.",200
13,AI Hotfix Deployer,https://superuser.com,logs/log_stream.txt:[2025-06-10 11:57:22] ❌ ERROR: Agent crash — No module named 'utils',"Investigate; capture full context. Verify remote, PAT scopes, and local repo integrity.",200
14,AI Rollback Specialist,https://git-scm.com/docs,logs/log_stream.txt:[2025-06-10 12:03:55] ❌ ERROR: Agent crash — LoggerAgent.run() got an unexpected keyword argument 'goal',"Investigate; capture full context. Verify remote, PAT scopes, and local repo integrity.",200
1,AI Genesis,https://help.openai.com,logs/daily_digest_2025-06-11.txt:log_stream.txt ➜ [2025-06-10 09:15:03] ERROR: Missing heartbeat from MemoryAgent,Heartbeat not running. Add a periodic heartbeat (dispatcher tasks) to write logs/scheduler/*_heartbeat_status.log.,403
2,AI Evolutionist,https://platform.openai.com/docs,logs/daily_digest_2025-06-11.txt:log_stream.txt ➜ [2025-06-10 09:11:05] ERROR: No follow-up action detected,Dispatcher didn’t trigger next step. Add AM→PM follow-on task in CONSENSUS_REGISTRY.,403
3,AI Hybridizer,https://community.openai.com,logs/daily_digest_2025-06-11.txt:log_stream.txt ➜ [2025-06-10 09:13:39] ERROR: No data received from MemoryAgent,MemoryAgent produced no output. Ensure it writes to memory/; add stub/touch safeguard.,200
4,AI Replicator,https://status.openai.com,logs/daily_digest_2025-06-11.txt:log_stream.txt ➜ [2025-06-10 09:13:57] ERROR: No data received from MemoryAgent,MemoryAgent produced no output. Ensure it writes to memory/; add stub/touch safeguard.,200
5,AI Mutator,https://cookbook.openai.com,logs/daily_digest_2025-06-11.txt:log_stream.txt ➜ [2025-06-10 11:45:45] ❌ ERROR: Agent crash — No module named 'utils',Python import path issue. Add __init__.py to package; use relative imports (from . import utils) or set PYTHONPATH.,200
6,AI Breeder,https://learn.microsoft.com,logs/daily_digest_2025-06-11.txt:log_stream.txt ➜ [2025-06-10 11:57:22] ❌ ERROR: Agent crash — No module named 'utils',Python import path issue. Add __init__.py to package; use relative imports (from . import utils) or set PYTHONPATH.,200
7,AI Hyper-Constructor,https://azure.microsoft.com,logs/daily_digest_2025-06-11.txt:log_stream.txt ➜ [2025-06-10 12:03:55] ❌ ERROR: Agent crash — LoggerAgent.run() got an unexpected keyword argument 'goal',"Function signature mismatch. Update caller args or define run(self, *args, **kwargs) and read goal from kwargs.",404
8,AI Sandbox Engineer,https://stackoverflow.com,logs/log_stream.txt:[2025-06-10 09:15:03] ERROR: Missing heartbeat from MemoryAgent,Heartbeat not running. Add a periodic heartbeat (dispatcher tasks) to write logs/scheduler/*_heartbeat_status.log.,200
9,AI Neural Sculptor,https://reddit.com,logs/log_stream.txt:[2025-06-10 09:11:05] ERROR: No follow-up action detected,Dispatcher didn’t trigger next step. Add AM→PM follow-on task in CONSENSUS_REGISTRY.,403
10,AI Time Architect,https://crontab.guru,logs/log_stream.txt:[2025-06-10 09:13:39] ERROR: No data received from MemoryAgent,MemoryAgent produced no output. Ensure it writes to memory/; add stub/touch safeguard.,200
11,AI Iteration Orchestrator,https://docs.github.com,logs/log_stream.txt:[2025-06-10 09:13:57] ERROR: No data received from MemoryAgent,MemoryAgent produced no output. Ensure it writes to memory/; add stub/touch safeguard.,200
12,AI Fault Isolator,https://serverfault.com,logs/log_stream.txt:[2025-06-10 11:45:45] ❌ ERROR: Agent crash — No module named 'utils',Python import path issue. Add __init__.py to package; use relative imports (from . import utils) or set PYTHONPATH.,200
13,AI Hotfix Deployer,https://superuser.com,logs/log_stream.txt:[2025-06-10 11:57:22] ❌ ERROR: Agent crash — No module named 'utils',Python import path issue. Add __init__.py to package; use relative imports (from . import utils) or set PYTHONPATH.,200
14,AI Rollback Specialist,https://git-scm.com/docs,logs/log_stream.txt:[2025-06-10 12:03:55] ❌ ERROR: Agent crash — LoggerAgent.run() got an unexpected keyword argument 'goal',"Function signature mismatch. Update caller args or define run(self, *args, **kwargs) and read goal from kwargs.",200
1,AI Genesis,https://help.openai.com,logs/daily_digest_2025-06-11.txt:log_stream.txt ➜ [2025-06-10 09:15:03] ERROR: Missing heartbeat from MemoryAgent,Heartbeat not running. Add a periodic heartbeat (dispatcher tasks) to write logs/scheduler/*_heartbeat_status.log.,403
2,AI Evolutionist,https://platform.openai.com/docs,logs/daily_digest_2025-06-11.txt:log_stream.txt ➜ [2025-06-10 09:11:05] ERROR: No follow-up action detected,Dispatcher didn’t trigger next step. Add AM→PM follow-on task in CONSENSUS_REGISTRY.,403
3,AI Hybridizer,https://community.openai.com,logs/daily_digest_2025-06-11.txt:log_stream.txt ➜ [2025-06-10 09:13:39] ERROR: No data received from MemoryAgent,MemoryAgent produced no output. Ensure it writes to memory/; add stub/touch safeguard.,200
4,AI Replicator,https://status.openai.com,logs/daily_digest_2025-06-11.txt:log_stream.txt ➜ [2025-06-10 09:13:57] ERROR: No data received from MemoryAgent,MemoryAgent produced no output. Ensure it writes to memory/; add stub/touch safeguard.,200
5,AI Mutator,https://cookbook.openai.com,logs/daily_digest_2025-06-11.txt:log_stream.txt ➜ [2025-06-10 11:45:45] ❌ ERROR: Agent crash — No module named 'utils',Python import path issue. Add __init__.py to package; use relative imports (from . import utils) or set PYTHONPATH.,200
6,AI Breeder,https://learn.microsoft.com,logs/daily_digest_2025-06-11.txt:log_stream.txt ➜ [2025-06-10 11:57:22] ❌ ERROR: Agent crash — No module named 'utils',Python import path issue. Add __init__.py to package; use relative imports (from . import utils) or set PYTHONPATH.,200
7,AI Hyper-Constructor,https://azure.microsoft.com,logs/daily_digest_2025-06-11.txt:log_stream.txt ➜ [2025-06-10 12:03:55] ❌ ERROR: Agent crash — LoggerAgent.run() got an unexpected keyword argument 'goal',"Function signature mismatch. Update caller args or define run(self, *args, **kwargs) and read goal from kwargs.",404
8,AI Sandbox Engineer,https://stackoverflow.com,logs/log_stream.txt:[2025-06-10 09:15:03] ERROR: Missing heartbeat from MemoryAgent,Heartbeat not running. Add a periodic heartbeat (dispatcher tasks) to write logs/scheduler/*_heartbeat_status.log.,200
9,AI Neural Sculptor,https://reddit.com,logs/log_stream.txt:[2025-06-10 09:11:05] ERROR: No follow-up action detected,Dispatcher didn’t trigger next step. Add AM→PM follow-on task in CONSENSUS_REGISTRY.,403
10,AI Time Architect,https://crontab.guru,logs/log_stream.txt:[2025-06-10 09:13:39] ERROR: No data received from MemoryAgent,MemoryAgent produced no output. Ensure it writes to memory/; add stub/touch safeguard.,200
11,AI Iteration Orchestrator,https://docs.github.com,logs/log_stream.txt:[2025-06-10 09:13:57] ERROR: No data received from MemoryAgent,MemoryAgent produced no output. Ensure it writes to memory/; add stub/touch safeguard.,200
12,AI Fault Isolator,https://serverfault.com,logs/log_stream.txt:[2025-06-10 11:45:45] ❌ ERROR: Agent crash — No module named 'utils',Python import path issue. Add __init__.py to package; use relative imports (from . import utils) or set PYTHONPATH.,200
13,AI Hotfix Deployer,https://superuser.com,logs/log_stream.txt:[2025-06-10 11:57:22] ❌ ERROR: Agent crash — No module named 'utils',Python import path issue. Add __init__.py to package; use relative imports (from . import utils) or set PYTHONPATH.,200
14,AI Rollback Specialist,https://git-scm.com/docs,logs/log_stream.txt:[2025-06-10 12:03:55] ❌ ERROR: Agent crash — LoggerAgent.run() got an unexpected keyword argument 'goal',"Function signature mismatch. Update caller args or define run(self, *args, **kwargs) and read goal from kwargs.",200
1,AI Genesis,https://help.openai.com,logs/daily_digest_2025-06-11.txt:log_stream.txt ➜ [2025-06-10 09:15:03] ERROR: Missing heartbeat from MemoryAgent,Heartbeat not running. Add a periodic heartbeat (dispatcher tasks) to write logs/scheduler/*_heartbeat_status.log.,403
2,AI Evolutionist,https://platform.openai.com/docs,logs/daily_digest_2025-06-11.txt:log_stream.txt ➜ [2025-06-10 09:11:05] ERROR: No follow-up action detected,Dispatcher didn’t trigger next step. Add AM→PM follow-on task in CONSENSUS_REGISTRY.,403
3,AI Hybridizer,https://community.openai.com,logs/daily_digest_2025-06-11.txt:log_stream.txt ➜ [2025-06-10 09:13:39] ERROR: No data received from MemoryAgent,MemoryAgent produced no output. Ensure it writes to memory/; add stub/touch safeguard.,200
4,AI Replicator,https://status.openai.com,logs/daily_digest_2025-06-11.txt:log_stream.txt ➜ [2025-06-10 09:13:57] ERROR: No data received from MemoryAgent,MemoryAgent produced no output. Ensure it writes to memory/; add stub/touch safeguard.,200
5,AI Mutator,https://cookbook.openai.com,logs/daily_digest_2025-06-11.txt:log_stream.txt ➜ [2025-06-10 11:45:45] ❌ ERROR: Agent crash — No module named 'utils',Python import path issue. Add __init__.py to package; use relative imports (from . import utils) or set PYTHONPATH.,200
6,AI Breeder,https://learn.microsoft.com,logs/daily_digest_2025-06-11.txt:log_stream.txt ➜ [2025-06-10 11:57:22] ❌ ERROR: Agent crash — No module named 'utils',Python import path issue. Add __init__.py to package; use relative imports (from . import utils) or set PYTHONPATH.,200
7,AI Hyper-Constructor,https://azure.microsoft.com,logs/daily_digest_2025-06-11.txt:log_stream.txt ➜ [2025-06-10 12:03:55] ❌ ERROR: Agent crash — LoggerAgent.run() got an unexpected keyword argument 'goal',"Function signature mismatch. Update caller args or define run(self, *args, **kwargs) and read goal from kwargs.",404
8,AI Sandbox Engineer,https://stackoverflow.com,logs/log_stream.txt:[2025-06-10 09:15:03] ERROR: Missing heartbeat from MemoryAgent,Heartbeat not running. Add a periodic heartbeat (dispatcher tasks) to write logs/scheduler/*_heartbeat_status.log.,200
9,AI Neural Sculptor,https://reddit.com,logs/log_stream.txt:[2025-06-10 09:11:05] ERROR: No follow-up action detected,Dispatcher didn’t trigger next step. Add AM→PM follow-on task in CONSENSUS_REGISTRY.,403
10,AI Time Architect,https://crontab.guru,logs/log_stream.txt:[2025-06-10 09:13:39] ERROR: No data received from MemoryAgent,MemoryAgent produced no output. Ensure it writes to memory/; add stub/touch safeguard.,200
11,AI Iteration Orchestrator,https://docs.github.com,logs/log_stream.txt:[2025-06-10 09:13:57] ERROR: No data received from MemoryAgent,MemoryAgent produced no output. Ensure it writes to memory/; add stub/touch safeguard.,200
12,AI Fault Isolator,https://serverfault.com,logs/log_stream.txt:[2025-06-10 11:45:45] ❌ ERROR: Agent crash — No module named 'utils',Python import path issue. Add __init__.py to package; use relative imports (from . import utils) or set PYTHONPATH.,200
13,AI Hotfix Deployer,https://superuser.com,logs/log_stream.txt:[2025-06-10 11:57:22] ❌ ERROR: Agent crash — No module named 'utils',Python import path issue. Add __init__.py to package; use relative imports (from . import utils) or set PYTHONPATH.,200
14,AI Rollback Specialist,https://git-scm.com/docs,logs/log_stream.txt:[2025-06-10 12:03:55] ❌ ERROR: Agent crash — LoggerAgent.run() got an unexpected keyword argument 'goal',"Function signature mismatch. Update caller args or define run(self, *args, **kwargs) and read goal from kwargs.",200
